Post_ID,Type,Category,Slide_1_Title,Highlight_Word,Slide_2_Question_or_Title,Option_A,Option_B,Option_C,Option_D,Slide_3_Question,Slide_4_Question,Slide_5_Question,Slide_6_Question,Status
Post_1,Question,Couples,5 uncomfortable questions every couple should answer,uncomfortable,When was a time you felt misunderstood by me?,,,,Do you feel safe expressing your anger around me?,What's a habit of mine you're secretly quietly tolerating?,Are we growing together or are we just comfortable?,Do you ever worry about our future together?,Pending
Post_2,Test,Couples,What is your relationship dynamic?,relationship dynamic,On a free Friday night, you both prefer:,Cozy movie night on the couch,Going out for a fancy dinner,Spontaneous road trip,Hanging out with a group of friends,What's your biggest strength as a duo?,How do you handle disagreement?,What brings you closest together?,Which trip would you book right now?,Pending
Post_3,Question,Couples,5 questions to ask your partner late at night,late at night,Are you in love with me or the idea of me?,,,,What's a fear about us you haven't said out loud?,When do you feel most passionately loved by me?,What's a side of you I haven't seen yet?,Do you feel like I truly listen when you speak?,Pending
Post_4,Test,Couples,Which love language defines you two?,love language,How do you show affection after a long day?,A warm hug and physical closeness,Preparing a nice meal together,Words of affirmation and praise,Giving each other space and help,How do you prefer to apologize?,What makes you feel most appreciated?,What is your favorite date activity?,How do you handle tough moments?,Pending
Post_5,Question,Couples,5 questions to test your emotional intimacy,emotional intimacy,Do you feel fully seen and accepted by me?,,,,What's something I do that accidentally makes you feel insecure?,How do you feel when we sit in total silence together?,What's a vulnerability you're still holding back?,Do you feel like I respect your personal boundaries?,Pending
Post_6,Question,Couples,5 questions before taking the next big step,next big step,What are your core financial goals for the next 3 years?,,,,How do you imagine handling major conflicts under stress?,What does a fair balance of responsibilities look like to you?,Where do you see us living in five years?,What is one non-negotiable value you have for life?,Pending
Post_7,Test,Couples,Who is more likely to in your relationship?,more likely,Who falls asleep first during a movie night?,Partner A,Partner B,Both at the same time,Neither (we finish it),Who apologizes first after an argument?,Who plans the spontaneous dates?,Who is more protective over the other?,Who spends more time overthinking?,Pending
Post_8,Question,Couples,5 questions to heal emotional distance,emotional distance,When did you first notice we started feeling distant?,,,,What's something you miss about the early days of us?,Is there an unresolved argument that still hurts you?,How can I make you feel more supported this week?,What do you need from me when you're feeling down?,Pending
Post_9,Test,Couples,How well do you really handle conflict?,handle conflict,When a disagreement starts, your first instinct is:,To talk it through immediately,To take space and cool off,To use humor to defuse tension,To seek compromise right away,How long do you hold onto frustration?,What helps you forgive faster?,What frustrates you most in arguments?,How do you reconnect after a fight?,Pending
Post_10,Question,Couples,5 questions to ask on your anniversary date,anniversary date,What is your absolute favorite memory of us this year?,,,,How have we grown as a couple since day one?,What's a lesson our relationship has taught you?,What is something new you want us to try together?,Why do you still choose me today?,Pending
Post_11,Question,Couples,5 questions to reignite romance,reignite romance,What is a romantic gesture that always melts your heart?,,,,When do you find me the most attractive?,What's a fantasy date night we haven't done yet?,How can we bring more playfulness into our daily routine?,What makes you feel deeply desired by me?,Pending
Post_12,Test,Couples,Are you an adventurous or cozy couple?,adventurous or cozy,Your dream weekend getaway is:,A cozy cabin in the mountains,A bustling city exploration,A quiet beach house resort,A backpacking camping trip,What's your ideal Sunday morning routine?,How do you pick a restaurant?,What is your favorite travel memory?,How do you handle unexpected plan changes?,Pending
Post_13,Question,Couples,5 deep questions about trust and safety,trust and safety,Do you ever feel like you have to hide your true feelings from me?,,,,What makes you feel completely safe in this relationship?,Have I ever broken your trust in a small way that we ignored?,How do you react when you feel insecure about us?,What does loyalty mean to you in practical terms?,Pending
Post_14,Question,Couples,5 hard truths every couple needs to discuss,hard truths,Is there any resentment building up between us?,,,,Do you feel like we balance independence and togetherness well?,Are we meeting each other's physical intimacy needs?,How do you feel about the way we manage our individual time?,What's a habit of ours that might poison our future?,Pending
Post_15,Test,Couples,What is your travel style as a couple?,travel style,How do you pack for a trip?,Packed 2 weeks in advance with lists,Packing 1 hour before leaving,Bringing 3 suitcases for 2 days,Packing light with just a backpack,Who navigates when you get lost?,How do you choose where to eat traveling?,What is a travel dealbreaker for you?,What's your favorite vacation mood?,Pending
Post_16,Question,Couples,5 questions for couples in long distance,long distance,What part of your day do you wish I was there to witness?,,,,How can we feel closer when the distance feels overwhelming?,What's a reassurance you need to hear more often?,What are you most excited for when we see each other next?,Do you feel like our effort levels are equal right now?,Pending
Post_17,Test,Couples,What type of date night suits you best?,date night,Your ultimate ideal date night idea is:,Cooking a new recipe together at home,Attending a live concert or show,Trying a new fancy cocktail bar,A night walk under the city lights,Who picks the music on car rides?,What's your favorite evening treat?,How late do you stay up together?,What makes a date feel memorable?,Pending
Post_18,Question,Couples,5 subtle signs of growth in a relationship,growth,How have I helped you become a better version of yourself?,,,,What's a disagreement we used to have that we now handle maturely?,How has your definition of love changed since being with me?,What's a boundary we established that brought us closer?,What are you most proud of in our relationship?,Pending
Post_19,Question,Couples,5 questions to ask after a fight,after a fight,What did you need from me during that argument that you didn't get?,,,,Did any past triggers come up for you while we were fighting?,How can we communicate better if this issue comes up again?,Do you feel heard now that the heat has settled?,What can I do right now to make you feel comforted?,Pending
Post_20,Test,Couples,How do you handle money together?,money together,When it comes to financial planning, you are:,The strict saver who tracks expenses,The spontaneous spender who enjoys life,The balanced planner who budget-buys,The one who avoids looking at bank apps,How do you decide on big investments?,What is your philosophy on joint expenses?,What spending habit bothers you most?,How do you handle budget disagreements?,Pending
Post_21,Question,Couples,5 questions to ask before moving in together,moving in,What is your biggest fear about sharing a space 24/7?,,,,How will we handle personal quiet time when living together?,What are your non-negotiables regarding cleanliness and chores?,How will we split rent and daily living expenses fairly?,What habit do you have that might irritate a roommate?,Pending
Post_22,Question,Couples,5 questions for when work stress affects your relationship,work stress,Do you feel like my work stress is bleeding into our personal space?,,,,How can I best support you when you come home exhausted?,Are we making enough intentional time for us despite busy schedules?,What is a boundary we should set around phones and work at night?,How can we protect our weekends from outside burnout?,Pending
Post_23,Test,Couples,Who is the drama queen in the relationship?,drama queen,When plans get canceled last minute, who reacts more?,Partner A (completely ruined mood),Partner B (goes with the flow easily),Both panic and overthink,Neither (we just reschedule),Who overthinks a simple text message?,Who makes a bigger deal out of being sick?,Who takes longer to choose an outfit?,Who tells stories with extra exaggeration?,Pending
Post_24,Question,Couples,5 questions to deepen your spiritual connection,spiritual connection,What values do you want to build our future family around?,,,,How do you process grief or heavy life challenges?,What gives your life the deepest sense of purpose?,How do you feel when we talk about big existential topics?,What's a core belief of yours that has evolved over time?,Pending
Post_25,Question,Couples,5 questions to check on physical intimacy,physical intimacy,Do you feel genuinely desired and attractive in my eyes?,,,,How can we create more intimate moments outside of the bedroom?,Is there anything new you've wanted to try but felt shy to ask?,Do you feel comfortable communicating what you need physically?,How does physical affection impact your mood daily?,Pending
Post_26,Test,Couples,What is your movie night personality?,movie night,How do you pick a movie together?,Scroll for 45 minutes and give up,Partner A always chooses the film,We alternate picks every time,We rewatch the same comfort show,Who finishes the popcorn first?,Who asks questions during the plot?,Who falls asleep 20 minutes in?,Who critiques the movie ending?,Pending
Post_27,Question,Couples,5 questions to ask when you feel disconnected,disconnected,What daily habit of ours has slowly drifted away lately?,,,,Do you feel like we are listening to respond or listening to understand?,When was the last time you felt truly appreciated by me?,What is one small thing I can do today to make you smile?,How can we carve out 15 uninterrupted minutes tonight?,Pending
Post_28,Question,Couples,5 questions about future dreams,future dreams,What is a crazy dream you have that you rarely share with anyone?,,,,Where would you love us to live for a year if money wasn't an issue?,What does your dream lifestyle look like 10 years from now?,How can I better champion your personal goals right now?,What is a bucket list trip we must take together?,Pending
Post_29,Test,Couples,How do you handle social events as a couple?,social events,At a large party, you two usually:,Stick together the entire night,Separate and mingle independently,Leave early after 1 hour,Are the last ones on the dance floor,Who wants to leave the party first?,Who makes friends with strangers easily?,Who drives everyone home safely?,Who recaps the drama in the car?,Pending
Post_30,Question,Couples,5 questions to ask your long-term partner,long-term partner,What is a memory of us from years ago that still warms your heart?,,,,How have your personal priorities shifted since we met?,Do you feel like we've kept the spark alive despite routine?,What is one thing about me that surprised you over time?,What are you most excited to experience together next?,Pending
Post_31,Question,Couples,5 questions to ask on a Sunday morning,Sunday morning,What would make today feel truly restful and restorative for you?,,,,What is a small win from this past week we should celebrate?,How can we make our upcoming week feel less stressful?,What's your favorite way to start a quiet morning together?,Where should we get coffee or breakfast today?,Pending
Post_32,Test,Couples,What is your communication style in love?,communication style,When you are upset about something, you tend to:,Express it immediately and directly,Go quiet and process internally,Send a long text message explaining,Use subtle hints until noticed,How do you express gratitude?,What triggers your defensiveness?,How do you like to be comforted?,What text message habit do you prefer?,Pending
Post_33,Question,Couples,5 questions about individual identity,individual identity,Do you feel like you have enough space to pursue your personal passions?,,,,Have you lost any part of yourself since being in this relationship?,How can I encourage you to spend more time with your personal friends?,Do you feel comfortable being fully independent around me?,What is a goal you want to achieve purely for yourself this year?,Pending
Post_34,Question,Couples,5 lighthearted questions to spark laughter,spark laughter,What was your honest first impression of my outfit when we met?,,,,If we were in a horror movie, who would survive longer?,What is the silliest argument we've ever had that makes you laugh now?,If you had to describe me using only 3 funny words, what are they?,What food combination do I eat that secretly disgusts you?,Pending
Post_35,Test,Couples,Who is the household chef in your relationship?,household chef,How does dinner get decided at home?,Partner A cooks, Partner B cleans,We order takeout 4 nights a week,We cook together while listening to music,Whoever gets home first cooks,Who is better at following a recipe?,Who leaves more mess in the kitchen?,Who is picky about ingredients?,Who makes the best coffee in the morning?,Pending
Post_36,Question,Couples,5 questions for couples facing a busy season,busy season,How can we maintain connection when our schedules are packed?,,,,What is one routine we should safeguard no matter how busy we get?,Do you feel neglected during high-stress weeks?,How can I take something off your plate this week?,What small check-in text reassures you during a crazy day?,Pending
Post_37,Question,Couples,5 questions to ask about past relationships,past relationships,Is there a ghost of a past relationship that still affects how you react to me?,,,,What key lesson from your past taught you what you need in love today?,Do you feel fully healed from your emotional history?,How do you feel when past relationships come up in conversation?,What makes our bond feel fundamentally different from your past?,Pending
Post_38,Test,Couples,What is your morning energy as a couple?,morning energy,When the alarm goes off at 7:00 AM, you are:,Up immediately ready for a workout,Snoozing 5 times and groaning,Need 20 minutes of silence and coffee,Already making breakfast and smiling,Who takes longer in the bathroom?,Who insists on making the bed daily?,Who is more pleasant to talk to early?,Who forgets their keys or wallet often?,Pending
Post_39,Question,Couples,5 questions to build deeper trust,deeper trust,What is one topic you feel hesitant to bring up with me?,,,,How do you know when you can completely rely on me?,Have you ever felt like I minimized your emotional experience?,What can I do to show you that your secrets are safe with me?,When do you feel most supported by my actions?,Pending
Post_40,Question,Couples,5 questions about family dynamics,family dynamics,How do you feel about the way my family treats you?,,,,What traditions from your upbringing do you want us to keep?,How do you want us to handle boundaries with in-laws or relatives?,Is there any tension around holiday planning we need to resolve?,How do you think our families' communication styles differ?,Pending
Post_41,Test,Couples,What kind of pet parents are you?,pet parents,If a stray dog or cat appears, your reaction is:,Adopt it immediately without hesitation,Think rationally about budget and space,Pet it sweetly then walk away,Partner A panics, Partner B wants it,Who gives the pet more treats illegally?,Who talks to pets in a silly voice?,Who is responsible for vet visits?,Who sleeps on the edge of the bed for them?,Pending
Post_42,Question,Couples,5 questions to ask after a long day,after a long day,Did anything happen today that made you feel heavy or anxious?,,,,Do you need advice right now or just someone to listen and hold you?,What was the absolute best highlight of your day today?,How can I help you unwind before we go to sleep tonight?,What made you feel appreciated today?,Pending
Post_43,Question,Couples,5 questions about emotional triggers,emotional triggers,What words or tone of voice immediately make you feel defensive?,,,,When you shut down during a conversation, what are you feeling inside?,What did past emotional wounds teach you to be cautious about?,How can I reassure you when an insecurity gets triggered?,What is the best way for me to approach you when you're overwhelmed?,Pending
Post_44,Test,Couples,Who is more organized in your household?,more organized,When planning a big event or trip, who creates the spreadsheet?,Partner A has a 5-tab color-coded sheet,Partner B just books a flight and vibes,We figure it out as we land,We ask friends to organize for us,Who cleans up clutter immediately?,Who loses their phone 3 times a day?,Who keeps track of important dates?,Who remembers where the passports are?,Pending
Post_45,Question,Couples,5 questions to keep the initial spark alive,spark alive,What was the exact moment you realized you had feelings for me?,,,,What is a small detail about our first dates you still remember?,What outfit or look of mine drives you crazy in a good way?,How did your heart feel on our very first kiss?,What made you fall in love with my personality?,Pending
Post_46,Question,Couples,5 questions about decision making,decision making,Do you feel like we make major decisions as a true equal team?,,,,Have you ever agreed to something just to avoid an argument with me?,How do we handle situations where we have opposing viewpoints?,Who usually yields first during a stalemate decision?,Do you trust my judgment on big life calls?,Pending
Post_47,Test,Couples,What is your shopping style as a couple?,shopping style,When going grocery shopping together, you return with:,Exactly what was written on the list,3 extra snacks and random impulse items,A full cart of high-end specialty items,Forgot the main item you went for,Who spends more time browsing reviews?,Who handles returning incorrect orders?,Who buys gifts months in advance?,Who insists on buying name brands?,Pending
Post_48,Question,Couples,5 questions for couples who overthink,overthink,What story are you telling yourself right now about us that might not be true?,,,,Are you carrying an insecurity about our relationship you haven't voiced?,How can I help quiet your anxious thoughts when you feel uncertain?,When you feel distant, is it about us or outside personal stress?,What reassurance helps you feel grounded immediately?,Pending
Post_49,Question,Couples,5 questions about gift giving and love,gift giving,Do you prefer practical gifts you asked for or unexpected surprises?,,,,What is the most thoughtful gift or gesture I've ever given you?,How do you feel when receiving grand romantic gestures?,What small everyday gesture means more to you than expensive gifts?,What is something you've been secretly wishing for lately?,Pending
Post_50,Test,Couples,How do you handle phone screen time?,screen time,When sitting together on the couch, phone usage is:,Both scrolling quietly side by side,Phones placed away in another room,Partner A scrolling, Partner B watching TV,Sending TikToks to each other from 2 feet away,Who checks their phone right after waking up?,Who leaves their phone on silent forever?,Who takes 4 hours to reply to texts?,Who takes photos of every meal first?,Pending
Post_51,Question,Couples,5 questions to ask on road trips,road trips,What is a memory from your childhood that shaped who you are today?,,,,If you could start any business together tomorrow, what would it be?,What is a place in the world you feel deeply drawn to visit?,What is something you wish people understood better about you?,What music or podcast best describes your current season of life?,Pending
Post_52,Question,Couples,5 questions about personal boundaries,personal boundaries,Is there a boundary of yours I've unintentionally crossed recently?,,,,How do you feel about the amount of time we spend with our respective friends?,What is your boundary around sharing our personal relationship details with others?,How do you like to handle solitude when you need to recharge?,Do you feel comfortable saying 'no' to me without feeling guilty?,Pending
Post_53,Test,Couples,Who is the driver in your relationship?,the driver,On long road trips, who is behind the wheel 90 percent of the time?,Partner A drives, Partner B navigates,Partner B drives, Partner A controls music,We swap every 2 hours strictly,Whoever owns the car drives always,Who gets road rage quicker?,Who controls the AC temperature?,Who falls asleep in the passenger seat?,Who stops at every gas station for snacks?,Pending
Post_54,Question,Couples,5 questions to ask during life transitions,life transitions,How are you holding up emotionally with all the changes happening around us?,,,,What do you need from me to feel grounded right now?,What is your biggest fear about this upcoming transition?,How can we preserve our quality couple time through this chaotic period?,What is one positive thing you hope comes out of this change?,Pending
Post_55,Question,Couples,5 questions about repair after conflict,repair after conflict,What signal can we use when an argument is getting out of hand?,How long do you usually need before you are ready to talk after being hurt?,What does a genuine apology sound like to you?,How can I reassure you that I love you even when we disagree?,What helps us rebuild intimacy fastest after a rocky day?,Pending
Post_56,Test,Couples,What is your sleep dynamic as a couple?,sleep dynamic,At night in bed, your sleeping positions are:,Tightly snuggled and cuddling all night,Separate sides with blanket tug-of-war,Starfish shape taking over the bed,Back-to-back sleeping peacefully,Who steals the duvet blanket continuously?,Who sleeps with the room freezing cold?,Who snores louder on heavy nights?,Who stays up late watching reels?,Pending
Post_57,Question,Couples,5 questions to evaluate relationship balance,relationship balance,Do you feel like emotional labor is shared fairly in our household?,,,,Who usually initiates intimacy and quality time more often?,Do you feel supported in your personal health and wellness goals?,Is there an area where one of us feels like they carry more weight?,How can we adjust our weekly routine to feel more balanced?,Pending
Post_58,Question,Couples,5 questions about childhood and upbringing,childhood and upbringing,What did your parents' relationship teach you about love—good or bad?,,,,How was conflict handled in your house growing up?,Did you feel emotionally safe expressing feelings as a child?,What family rule did you hate growing up that you now understand?,How do your childhood experiences show up in our arguments today?,Pending
Post_59,Test,Couples,Who is the bigger overthinker?,bigger overthinker,When receiving a short 'k.' text from someone, who panics?,Partner A analyzes the punctuation for 20 mins,Partner B doesn't even notice or care,Both draft a 3-paragraph reply together,Neither (we call immediately),Who worries about arriving 15 minutes late?,Who re-reads sent emails 5 times?,Who thinks something is wrong when it's quiet?,Who plans for scenarios that never happen?,Pending
Post_60,Question,Couples,5 questions about shared hobbies,shared hobbies,What is an activity we haven't tried yet that you'd love to learn together?,,,,Do you feel like we spend enough active quality time doing fun things?,How can we make our weekends feel more adventurous and less routine?,What hobby of mine do you secretly enjoy participating in?,What was the most fun date we had in the past 6 months?,Pending
Post_61,Question,Couples,5 questions to ask when building long term plans,long term plans,How do you feel about where our relationship is heading over the next 2 years?,,,,What financial milestones do you want us to hit together?,What does your dream living situation look like long term?,How do you want us to balance career ambitions and family life?,What legacy do you want us to build as a couple?,Pending
Post_62,Test,Couples,What is your coffee order dynamic?,coffee order,When ordering coffee together in the morning:,Partner A gets a complex iced oat milk latte,Partner B drinks plain black coffee,We both get the exact same order always,We spend 10 minutes debating the menu,Who needs coffee before speaking words?,Who drinks iced coffee even in winter?,Who buys pastries every single time?,Who forgets their order at the counter?,Pending
Post_63,Question,Couples,5 questions about emotional validation,emotional validation,When you talk to me, do you feel listened to or just heard?,,,,What can I do to show more empathy when you share a frustration?,Have you ever felt like I dismissed your worries as minor?,How do you prefer to receive comfort when you're overwhelmed?,What phrase makes you feel instantly reassured by me?,Pending
Post_64,Question,Couples,5 questions to ask before big financial choices,big financial choices,How does making this purchase align with our shared future goals?,,,,Do either of us feel pressure or stress regarding this spending decision?,What is our backup plan if circumstances change down the road?,Are we buying this out of necessity or temporary desire?,How can we ensure both of us feel comfortable with the financial outcome?,Pending
Post_65,Test,Couples,Who is the ultimate decision maker?,decision maker,When asking 'What do you want to eat for dinner?':,Both say 'I don't care, you pick' forever,Partner A makes a firm decision instantly,We list 5 spots and can't choose any,We end up eating leftovers from yesterday,Who picks which TV show to binge next?,Who handles booking table reservations?,Who decides when it's time to leave a party?,Who manages calendar invites and dates?,Pending
Post_66,Question,Couples,5 questions about forgiveness in love,forgiveness in love,Is there a past mistake of mine you still find hard to forgive?,,,,How do you know when you've genuinely let go of resentment?,What steps do we need to take to rebuild full closeness after a mistake?,Do you feel like I give genuine apologies when I mess up?,How can we protect our relationship from past bitterness?,Pending
Post_67,Question,Couples,5 questions to ask on a rainy day,rainy day,What is your favorite quiet memory of us doing absolutely nothing?,,,,If we had no electricity for 24 hours, how would we spend the time?,What book, movie, or song deeply represents your inner mood today?,What warm meal or comfort food reminds you of home?,What is a small goal you want to accomplish before this month ends?,Pending
Post_68,Test,Couples,Who is more competitive in games?,more competitive,During a board game or card night with friends:,Partner A plays to win at all costs,Partner B is just happy to participate and chat,We get into a heated debate over rules,We form an unstoppable team together,Who flips the board when losing?,Who celebrates victory with a happy dance?,Who reads the instruction manual fully?,Who secretly lets the other person win?,Pending
Post_69,Question,Couples,5 questions about vulnerability and fear,vulnerability and fear,What is a deep fear you carry that you rarely talk about?,,,,When was the last time you felt emotional or wanted to cry near me?,What part of your personality are you most insecure about showing?,How do you feel when I see you at your weakest moments?,What makes you feel safe enough to expose your vulnerabilities?,Pending
Post_60,Question,Couples,5 questions about friendship inside love,friendship inside love,Do you consider me your best friend as well as your romantic partner?,,,,What is a silly inside joke of ours that always brings a smile?,How do we keep our friendship strong during busy romantic seasons?,What do you enjoy most about simply hanging out together?,Why do you enjoy my company over anyone else's?,Pending
Post_71,Test,Couples,What is your holiday planning style?,holiday planning,When planning for holiday visits with family:,We have a detailed minute-by-minute schedule,We figure it out as the days arrive,Partner A wants to visit everyone; Partner B stays home,We host everyone at our place to avoid travel,Who buys holiday gifts weeks early?,Who decorates the living space first?,Who gets overwhelmed by social gatherings?,Who cooks the main holiday meals?,Pending
Post_72,Question,Couples,5 questions to boost appreciation,boost appreciation,What is one daily effort I make that you notice and love?,,,,What strength of mine do you rely on when life gets tough?,When was the last time my actions made you feel proud of us?,What compliment from me means the most to you?,How can I express my gratitude for you more effectively?,Pending
Post_73,Question,Couples,5 questions for when you feel stuck in routine,stuck in routine,What daily habit has made our relationship feel monotonous lately?,,,,How can we break our usual evening routine tonight?,What is a spontaneous activity we can do this coming weekend?,Where would you like us to go for a quick change of scenery?,How can we bring back excitement to our everyday interactions?,Pending
Post_74,Test,Couples,Who is the social media manager?,social media manager,When taking photos on a trip or date:,Partner A takes 50 photos to get 1 good one,Partner B hates taking photos and just wants to eat,We take one blurry selfie and call it a day,We hire a stranger to take a photo of us,Who posts photos on social media first?,Who remembers to film videos during trips?,Who curates the aesthetic photo album?,Who forgets to post and keeps draft reels?,Pending
Post_75,Question,Couples,5 questions about personal boundaries with friends,boundaries with friends,Do you ever feel uncomfortable with any of my friendships?,How do we handle situations where outside friends give unwanted advice?,What is our boundary regarding discussing our relationship with friends?,Do you feel prioritized when we are out in group settings?,How can we support each other's social lives without feeling excluded?,Pending
Post_76,Question,Couples,5 questions about shared core values,shared core values,What core life principle do you think holds our bond together?,How do our views on career, family, and freedom align today?,Is there a core value where we differ that requires compromise?,How do we stay true to our shared ethics in a chaotic world?,What value do you hope defines our relationship to others?,Pending
Post_77,Test,Couples,What is your gym or workout dynamic?,workout dynamic,When working out or exercising together:,We train together as intense gym partners,Partner A works out daily; Partner B prefers resting,We go on casual light walks and get ice cream,We promise to start working out every next Monday,Who motivates the other to stay active?,Who prepares healthy meals at home?,Who buys fancy activewear outfits?,Who gives up 10 minutes into a run?,Pending
Post_78,Question,Couples,5 questions to ask when building trust back,building trust,What specific actions help you feel safe after a misunderstanding?,How can I demonstrate consistency and reliability every single day?,What reassurance do you need when doubts creep into your mind?,Are there any unresolved promises I need to fulfill for you?,How do we know we are moving forward together in healing?,Pending
Post_79,Question,Couples,5 questions about love under pressure,love under pressure,How do we treat each other when both of us are exhausted?,What can we do to avoid taking out external frustration on each other?,What code word can we use when stress is clouding our judgment?,How can I lighten your burden during high-pressure weeks?,Why do you trust that we can survive any tough storm together?,Pending
Post_80,Test,Couples,Who is the tech support in the house?,tech support,When the Wi-Fi router stops working at home:,Partner A restarts it and fixes settings in 2 mins,Partner B hits it gently and hopes for the best,Both panic and switch to mobile phone data,We call customer service immediately,Who sets up new smart home gadgets?,Who forgets their account passwords constantly?,Who keeps 80 tabs open on their phone browser?,Who breaks phone screens within 2 months?,Pending
Post_81,Question,Couples,5 questions about romantic surprises,romantic surprises,What kind of surprise makes you feel deeply loved and thought of?,Do you prefer planned romantic dinners or spontaneous mini dates?,What small surprise brought a smile to your face recently?,How can I make an ordinary weekday feel special for you?,What is your dream surprise date scenario?,Pending
Post_82,Question,Couples,5 questions about personal growth in love,personal growth,In what ways have you matured since we first got together?,What personal flaw are you actively working to improve for us?,How can I be a better partner in supporting your self-growth?,What milestone in your personal journey are you most proud of?,How do we balance encouraging growth without pushing too hard?,Pending
Post_83,Test,Couples,What is your festival or concert vibe?,festival vibe,At a music festival or live concert, you two are:,Front row dancing and singing every lyric,Back of the crowd holding drinks comfortably,Near the food trucks eating snacks,Partner A gets lost; Partner B searches for hours,Who knows every lyric to the songs?,Who buys official band merchandise?,Who loses their voice the next morning?,Who plans the exit route to beat traffic?,Pending
Post_84,Question,Couples,5 questions about physical affection styles,physical affection,What type of touch makes you feel calm when you're anxious?,Do you feel we give enough physical affection outside of sex?,How do you feel about public displays of affection like handholding?,What gentle gesture from me brightens your day instantly?,How can we build more physical closeness into our morning routine?,Pending
Post_85,Question,Couples,5 questions to evaluate communication progress,communication progress,What communication habit have we improved most this past year?,Where do we still get stuck when trying to explain our feelings?,Do you feel comfortable interrupting me if you feel unheard?,What phrase helps diffuse tension best during a disagreement?,How can we make our daily check-ins more meaningful?,Pending
Post_86,Test,Couples,Who is the late night snack offender?,late night snack,At 11:30 PM in front of the open fridge:,Partner A eats pickles and cheese slices quietly,Partner B bakes a full warm chocolate mug cake,We order food delivery secretly in bed,We drink water and tell ourselves to sleep,Who sneaks sweet treats into the cart?,Who craves salty snacks late at night?,Who leaves empty snack wrappers on the nightstand?,Who eats the last slice of pizza without asking?,Pending
Post_87,Question,Couples,5 questions about honoring differences,honoring differences,What difference in our personalities do you find most challenging?,What contrast between us actually makes us a stronger team?,How can we give each other grace when our opinions clash?,What habit of mine do you accept simply because you love me?,How do our different perspectives enrich our shared life?,Pending
Post_88,Question,Couples,5 questions about stress management,stress management,What sign shows you're approaching burnout before you speak it?,How can I offer help when you feel overwhelmed with tasks?,What setting or environment helps you restore your inner energy?,Do you feel like you can lay your burdens down with me?,What quiet activity helps us decompress best as a team?,Pending
Post_89,Test,Couples,What is your outfit coordination style?,outfit coordination,When dressing up for an event or party together:,We check each other's outfits to match colors,Partner A dresses up high-end; Partner B wears jeans,We spend 30 minutes asking 'Does this look good?',We don't care at all and wear whatever is comfortable,Who takes longer to choose what to wear?,Who gives honest style feedback always?,Who steals the other's hoodies constantly?,Who overpacks clothes for weekend trips?,Pending
Post_90,Question,Couples,5 questions about emotional check-ins,emotional check-ins,On a scale of 1 to 10, how connected do you feel to me today?,What is occupying most of your mental energy right now?,Is there anything I did this week that hurt your feelings unsaid?,What can I do to make you feel more loved tomorrow?,What are you most grateful for in our life together right now?,Pending
Post_91,Question,Couples,5 questions about active listening,active listening,Do you feel like I give you my full attention when you speak?,When you share a worry, do you want solutions or just comfort?,How can I show you that I am genuinely processing your words?,Have you ever felt ignored by me during a busy day?,What makes a conversation feel satisfying and healing to you?,Pending
Post_92,Test,Couples,Who is the plant or garden person?,plant person,When bringing a new houseplant home:,Partner A waters and talks to it daily like a baby,Partner B forgets it exists until leaves turn yellow,We buy fake plastic plants to stay safe,It thrives for 2 weeks then disappears,Who remembers to water the plants weekly?,Who names every houseplant in the room?,Who buys beautiful ceramic plant pots?,Who accidentally kills succulents easily?,Pending
Post_93,Question,Couples,5 questions about future milestones,future milestones,What upcoming milestone together are you most excited about?,How do you imagine celebrating our big accomplishments down the road?,What steps can we take this month toward our long-term vision?,How do we ensure we don't rush through current precious moments?,What dream milestone feels closest to becoming reality?,Pending
Post_94,Question,Couples,5 questions about managing conflict triggers,managing conflict triggers,What environmental factor makes your anger worse during fights?,How can we pause a debate respectfully before saying harsh words?,What gesture signals that we are ready to make peace?,How do you feel when we take a 15-minute breather mid-argument?,What helps you move past resentment quickly after a resolution?,Pending
Post_95,Test,Couples,Who is the master of road navigation?,road navigation,When navigating in a new city without GPS working:,Partner A reads map signs like a professional guide,Partner B holds phone upside down confused,We turn right 4 times and end up back home,We stop and ask locals for directions immediately,Who misses the highway exit while talking?,Who panics when driving in heavy city traffic?,Who finds the best secret parking spots?,Who controls the car stereo playlist?,Pending
Post_96,Question,Couples,5 questions about daily affection,daily affection,How do you like to be greeted when we see each other after work?,What small physical touch brings you instant comfort during stress?,Do you feel like we express 'I love you' with enough meaning?,What daily ritual of ours do you cherish the absolute most?,How can we incorporate more warmth into our evening routine?,Pending
Post_97,Question,Couples,5 questions about shared responsibility,shared responsibility,Do you feel like home management tasks are divided fairly?,What chore do you secretly despise doing that I can take over?,How do we make sure household duties don't kill our romance?,What act of service from me makes your daily life easier?,How can we streamline our daily tasks to create more free time?,Pending
Post_98,Test,Couples,Who is the weather forecaster?,weather forecaster,Before leaving the house for the day:,Partner A checks 3 weather apps and brings umbrellas,Partner B walks out in shorts during rainstorms,We check out the window and hope for the best,Partner A forces Partner B to wear a jacket,Who gets cold easily in air-conditioned rooms?,Who complains about hot summer days most?,Who loves cozy rainy afternoons at home?,Who forgets sunglasses on sunny beach days?,Pending
Post_99,Question,Couples,5 questions about creating lasting memories,creating lasting memories,What past adventure of ours do you catch yourself replaying most?,What photo of us captures our true spirit best?,How can we make this coming weekend truly memorable?,What small tradition do you want us to keep forever?,What story about us will we tell people when we're old?,Pending
Post_100,Question,Couples,5 ultimate questions for forever love,forever love,Do you still choose me today with the same passion as day one?,What unbreakable foundation keeps our bond standing strong?,How do you picture us sitting together when we're old and grey?,What is the most beautiful lesson our love has taught you so far?,Are you ready for everything the future holds for us together?,Pending
